{
	"Version": "2012-10-17",
	"Statement": [
				{
			"Sid": "VisualEditor1",
			"Effect": "Allow",
			"Action": [
				"s3:PutObject",
				"s3:GetObject",
				"secretsmanager:GetSecretValue",
				"secretsmanager:DescribeSecret",
				"s3:ListBucket",
				"s3:DeleteObject"
			],
			"Resource": [
				"arn:aws:s3:::dep1-sales-performance-data-s3",
				"arn:aws:s3:::dep1-drivers/PostgreSQL JDBC driver",
				"arn:aws:s3:::dep1-drivers/PostgreSQL JDBC driver/*",
				"arn:aws:s3:::dep1-drivers/PostgreSQL JDBC driver/_crawler/*",
				"arn:aws:s3:::dep1-tpch-data-lake/curated",
				"arn:aws:s3:::dep1-tpch-data-lake/curated/*",
				"arn:aws:s3:::dep1-sales-performance-data-s3/*",
				"arn:aws:secretsmanager:us-east-1:943874116438:secret:/dev/pg-lambda-credentials-Eu1CKf"
			]
		}
	]
}
