{
	"Version": "2012-10-17",
	"Statement": [
		{
			"Sid": "Statement1",
			"Effect": "Allow",
			"Action": [
				"s3:ListBucket"
			],
			"Resource": "arn:aws:s3:::dep1-tpch-data-lake"
		},
		{
			"Sid": "Statement2",
			"Effect": "Allow",
			"Action": [
				"s3:GetObject"
			],
			"Resource": "arn:aws:s3:::dep1-tpch-data-lake/raw/*"
		},
		{
			"Sid": "Statement3",
			"Effect": "Allow",
			"Action": [
				"s3:PutObject"
			],
			"Resource": "arn:aws:s3:::dep1-tpch-data-lake/curated/*"
		},
		{
			"Sid": "Statement4",
			"Effect": "Allow",
			"Action": "glue:*",
			"Resource": "*"
		},
		{
			"Sid": "Statement5",
			"Effect": "Allow",
			"Action": [
				"logs:CreateLogGroup",
				"logs:CreateLogStream",
				"logs:PutLogEvents"
			],
			"Resource": "*"
		}
	]
}
